<?xml version="1.0"?>
<doc>
    <assembly>
        <name>COMMATLib</name>
    </assembly>
    <members>
        <member name="T:COMMATLib.COMMATAccess">
            <summary>
            MATLAB Interface Class for C# using IDispatch interface
            We can't use the TypeLibrary Import mechanism because it seems broken (from VB6 too)	
            </summary>
        </member>
        <member name="M:COMMATLib.COMMATAccess.#ctor">
            <summary>
            Creates the connection
            </summary>
        </member>
        <member name="M:COMMATLib.COMMATAccess.Evaluate(System.String)">
            <summary>
            Evaluates an expression and returns true on completion		
            </summary>
            <param name="expression">the MATLAB expression</param>
            <returns>true on success</returns>
        </member>
        <member name="M:COMMATLib.COMMATAccess.EvaluateAsString(System.String)">
            <summary>
            Evaluates an expression and returns a string
            </summary>
            <param name="expression">the MATLAB expression</param>
            <returns>the MATLAB response</returns>
        </member>
        <member name="M:COMMATLib.COMMATAccess.IsVisible">
            <summary>
            Say if the MATLAB window is visible
            </summary>
            <returns></returns>
        </member>
        <member name="M:COMMATLib.COMMATAccess.SetVisible(System.Boolean)">
            <summary>
            Fixes the MATLAB windows visibility
            </summary>
            <param name="b"></param>
        </member>
        <member name="M:COMMATLib.COMMATAccess.GetMatrix(System.String,System.Double[0:,0:]@)">
            <summary>
            Gets a matrix variable 
            We use a trick: first get the matrix size using 
               
            </summary>
            <param name="name">name of the matrix</param>
            <param name="data">the matrix, preallocated or not</param>
            <returns></returns>
        </member>
        <member name="M:COMMATLib.COMMATAccess.GetMatrixSize(System.String,System.Int32@,System.Int32@)">
            <summary>
            Gets the size of the specified Matrix Variable
            </summary>
            <param name="name"></param>
            <param name="nr"></param>
            <param name="nc"></param>
            <returns></returns>
        </member>
        <member name="M:COMMATLib.COMMATAccess.GetMatrixNoResize(System.String,System.Double[0:,0:]@)">
            <summary>
            Gets a Matrix Variable and put it into a double array
            If the array it's not of the correct size the method fails
            </summary>
            <param name="name"></param>
            <param name="data"></param>
            <returns></returns>
        </member>
        <member name="M:COMMATLib.COMMATAccess.SetMatrix(System.String,System.Double[0:,0:])">
            <summary>
            Sets a matrix variable
            </summary>
            <param name="name">Name</param>
            <param name="data">Data</param>
        </member>
        <member name="M:COMMATLib.COMMATAccess.Close">
            <summary>
            Closes the Connection to MATLAB
            </summary>
        </member>
        <member name="F:COMMATLib.COMMATAccess.matObject">
            <summary>
            The COM IDispatch Object
            </summary>
        </member>
        <member name="P:COMMATLib.COMMATAccess.Active">
            <summary>
            Tells if the connection is Active
            </summary>
        </member>
        <member name="P:COMMATLib.COMMATAccess.WorkSpace">
            <summary>
            The Current WorkSpace
            </summary>
        </member>
    </members>
</doc>
