<?xml version="1.0"?>
<doc>
    <assembly>
        <name>MATLibrary</name>
    </assembly>
    <members>
        <member name="T:MATLibrary.MATAccess">
            <summary>
            interface for MATLAB access
            this is the Maximum Common denominator between the different possibilities
            It's just a Demo, and in a real application you should choose one of the
            three solutions
            
            Specifically the MATLAB Engine solution let use ....
            </summary>
        </member>
        <member name="M:MATLibrary.MATAccess.Evaluate(System.String)">
            <summary>
            Evaluates an expression and returns true on completion		
            </summary>
            <param name="expression"></param>
            <returns></returns>
        </member>
        <member name="M:MATLibrary.MATAccess.IsVisible">
            <summary>
            Say if the MATLAB window is visible
            </summary>
            <returns></returns>
        </member>
        <member name="M:MATLibrary.MATAccess.SetVisible(System.Boolean)">
            <summary>
            Fixes the MATLAB windows visibility
            </summary>
            <param name="b"></param>
        </member>
        <member name="M:MATLibrary.MATAccess.GetMatrix(System.String,System.Double[0:,0:]@)">
            <summary>
            Gets a matrix variable 
            </summary>
            <param name="name">name of the matrix</param>
            <param name="data">the matrix, preallocated or not</param>
            <returns></returns>
        </member>
        <member name="M:MATLibrary.MATAccess.SetMatrix(System.String,System.Double[0:,0:])">
            <summary>
            Sets a matrix variable
            </summary>
            <param name="name">Name</param>
            <param name="data">Data</param>
        </member>
        <member name="M:MATLibrary.MATAccess.Close">
            <summary>
            Closes the Connection to MATLAB
            </summary>
        </member>
    </members>
</doc>
